location,lat,long,category,time,time_classification,date,reported
JKUAT Enterprises LTD.,-1.0915,37.014,domestic violence,20:34,evening,2025-02-02,no
JKUAT SAJOREC Botanical Garden,-1.093,37.0155,armed robbery,04:46,night,2025-05-22,no
JKUAT Main Gate,-1.0925,37.011,phone snatching,15:52,afternoon,2024-07-19,no
Juja Stage,-1.099,37.02,assault,14:11,afternoon,2024-07-25,no
JKUAT Hospital,-1.091,37.0135,reckless driving,03:35,night,2024-06-13,yes
JKUAT Enterprises LTD.,-1.0915,37.014,kidnapping,05:54,night,2024-12-02,no
Highpoint,-1.1,37.015,murder,21:06,night,2025-04-22,yes
JKUAT Main Gate,-1.0925,37.011,armed robbery,07:21,morning,2024-07-31,no
Juja City Mall,-1.095,37.0165,murder,06:55,morning,2024-05-04,no
JKUAT hostels area,-1.09,37.012,traffic violations,20:08,evening,2024-08-13,no
Juja City Mall,-1.095,37.0165,drug trafficking,17:03,evening,2024-11-06,yes
Highpoint,-1.1,37.015,reckless driving,23:46,night,2024-11-16,no
Highpoint,-1.1,37.015,murder,23:08,night,2025-04-01,no
Juja City Mall,-1.095,37.0165,sexual harrasment,01:32,night,2025-01-03,yes
Juja Police Station,-1.097,37.018,drug trafficking,07:56,morning,2024-10-04,no
Highpoint,-1.1,37.015,burglary,11:02,morning,2025-06-12,yes
JKUAT Hospital,-1.091,37.0135,murder,08:36,morning,2025-04-12,yes
Juja Stage,-1.099,37.02,robbery,23:18,night,2024-12-21,no
Juja Stage,-1.099,37.02,phone snatching,21:55,night,2024-10-04,yes
Cherry Park,-1.0948,37.0106,murder,23:37,night,2025-06-17,yes
Gate C,-1.0922,37.0131,reckless driving,01:46,night,2025-04-12,no
JKUAT hostels area,-1.09,37.012,drug trafficking,11:21,morning,2024-06-09,no
JKUAT SAJOREC Botanical Garden,-1.093,37.0155,reckless driving,01:22,night,2024-06-29,no
Cherry Park,-1.0948,37.0106,fraud,16:25,afternoon,2025-06-20,no
Gate B,-1.0932,37.0125,domestic violence,10:02,morning,2025-02-10,no
Highpoint,-1.1,37.015,drug trafficking,04:30,night,2025-04-03,no
Gate B,-1.0932,37.0125,drug trafficking,18:06,evening,2024-12-21,no
JKUAT Enterprises LTD.,-1.0915,37.014,kidnapping,00:31,night,2024-12-11,yes
Juja City Mall,-1.095,37.0165,fraud,06:45,morning,2024-09-23,no
Gate B,-1.0932,37.0125,sexual harrasment,20:58,evening,2025-06-16,yes
JKUAT SAJOREC Botanical Garden,-1.093,37.0155,traffic violations,01:11,night,2025-03-23,yes
Juja City Mall,-1.095,37.0165,traffic violations,06:58,morning,2024-12-01,yes
Cherry Park,-1.0948,37.0106,kidnapping,01:36,night,2025-04-21,no
Gate C,-1.0922,37.0131,reckless driving,04:54,night,2024-06-08,yes
Cherry Park,-1.0948,37.0106,sexual harrasment,22:06,night,2025-04-23,no
Highpoint,-1.1,37.015,burglary,09:25,morning,2024-12-29,no
Juja Stage,-1.099,37.02,drug possession,17:23,evening,2025-01-15,yes
Gate C,-1.0922,37.0131,assault,04:06,night,2024-11-23,yes
JKUAT SAJOREC Botanical Garden,-1.093,37.0155,murder,23:08,night,2025-07-13,yes
Juja City Mall,-1.095,37.0165,drug trafficking,18:30,evening,2024-10-04,yes
Highpoint,-1.1,37.015,drug possession,21:13,night,2024-06-10,no
Juja Square,-1.098,37.019,murder,20:47,evening,2025-02-19,yes
Gate C,-1.0922,37.0131,drug possession,22:43,night,2025-05-30,no
Juja City Mall,-1.095,37.0165,robbery,10:11,morning,2024-11-14,yes
Juja Market,-1.096,37.0175,fraud,17:53,evening,2024-10-03,yes
Juja Square,-1.098,37.019,assault,08:39,morning,2024-06-05,yes
JKUAT hostels area,-1.09,37.012,reckless driving,07:23,morning,2025-04-21,no
JKUAT Hospital,-1.091,37.0135,battery,22:32,night,2024-09-19,yes
JKUAT SAJOREC Botanical Garden,-1.093,37.0155,drug trafficking,08:36,morning,2024-11-27,yes
Juja Square,-1.098,37.019,phone snatching,09:26,morning,2024-05-15,no
Juja Stage,-1.099,37.02,robbery,00:02,night,2025-04-03,yes
JKUAT Hospital,-1.091,37.0135,reckless driving,07:31,morning,2024-11-15,no
Juja Stage,-1.099,37.02,assault,15:44,afternoon,2025-02-04,yes
Cherry Park,-1.0948,37.0106,traffic violations,08:19,morning,2024-07-26,no
Highpoint,-1.1,37.015,kidnapping,21:23,night,2025-03-17,no
Highpoint,-1.1,37.015,robbery,00:12,night,2025-02-26,no
Juja City Mall,-1.095,37.0165,traffic violations,10:06,morning,2024-07-27,no
JKUAT Main Gate,-1.0925,37.011,burglary,19:40,evening,2024-09-04,no
Juja City Mall,-1.095,37.0165,kidnapping,13:44,afternoon,2024-06-29,yes
Juja Police Station,-1.097,37.018,murder,15:13,afternoon,2024-06-13,no
JKUAT Hospital,-1.091,37.0135,drug trafficking,04:27,night,2025-01-12,no
Gachororo,-1.0905,37.0119,drug possession,12:25,afternoon,2024-10-24,no
Juja Stage,-1.099,37.02,battery,09:59,morning,2025-03-11,no
JKUAT hostels area,-1.09,37.012,reckless driving,08:51,morning,2024-07-06,yes
Cherry Park,-1.0948,37.0106,robbery,18:08,evening,2025-05-22,no
Highpoint,-1.1,37.015,phone snatching,08:54,morning,2024-12-19,no
Juja Square,-1.098,37.019,traffic violations,19:41,evening,2024-08-25,no
Juja Stage,-1.099,37.02,battery,02:24,night,2025-03-12,no
JKUAT Enterprises LTD.,-1.0915,37.014,burglary,23:57,night,2024-08-03,yes
Juja Market,-1.096,37.0175,sexual harrasment,06:05,morning,2025-02-16,no
JKUAT Hospital,-1.091,37.0135,sexual harrasment,09:44,morning,2024-10-18,no
Juja City Mall,-1.095,37.0165,fraud,14:31,afternoon,2025-05-26,yes
Gate C,-1.0922,37.0131,fraud,03:13,night,2024-08-20,yes
Juja Market,-1.096,37.0175,reckless driving,07:07,morning,2024-08-31,no
Gate B,-1.0932,37.0125,murder,02:03,night,2025-01-28,no
Cherry Park,-1.0948,37.0106,phone snatching,18:32,evening,2024-08-30,yes
Gate C,-1.0922,37.0131,traffic violations,08:04,morning,2025-04-29,no
Juja City Mall,-1.095,37.0165,drug possession,18:55,evening,2024-09-01,no
Cherry Park,-1.0948,37.0106,reckless driving,13:26,afternoon,2025-03-13,yes
Juja Police Station,-1.097,37.018,fraud,07:47,morning,2025-05-29,yes
Gachororo,-1.0905,37.0119,drug possession,20:49,evening,2024-11-06,no
JKUAT Enterprises LTD.,-1.0915,37.014,robbery,07:05,morning,2024-11-02,no
Juja Police Station,-1.097,37.018,traffic violations,07:14,morning,2025-02-25,yes
Juja City Mall,-1.095,37.0165,assault,13:35,afternoon,2025-03-05,no
Juja Stage,-1.099,37.02,burglary,18:17,evening,2024-05-10,no
Gachororo,-1.0905,37.0119,domestic violence,01:29,night,2025-01-08,yes
Juja Police Station,-1.097,37.018,robbery,21:58,night,2025-04-12,yes
Juja Market,-1.096,37.0175,reckless driving,10:08,morning,2025-05-19,no
JKUAT Main Gate,-1.0925,37.011,assault,09:27,morning,2025-03-29,yes
Highpoint,-1.1,37.015,domestic violence,11:08,morning,2024-09-04,yes
Juja City Mall,-1.095,37.0165,battery,00:19,night,2025-03-10,no
Juja Market,-1.096,37.0175,armed robbery,19:36,evening,2024-12-03,yes
Juja Square,-1.098,37.019,robbery,16:13,afternoon,2024-10-08,no
Cherry Park,-1.0948,37.0106,robbery,00:30,night,2024-05-30,no
Juja Stage,-1.099,37.02,kidnapping,08:39,morning,2024-08-13,no
Gachororo,-1.0905,37.0119,domestic violence,07:11,morning,2024-07-21,yes
Juja City Mall,-1.095,37.0165,robbery,07:29,morning,2025-01-30,yes
Juja Stage,-1.099,37.02,phone snatching,00:32,night,2025-03-01,yes
Juja Market,-1.096,37.0175,robbery,00:27,night,2024-06-13,yes
Highpoint,-1.1,37.015,drug trafficking,12:34,afternoon,2024-11-08,yes
Juja Square,-1.098,37.019,murder,18:05,evening,2025-07-11,yes
Gate B,-1.0932,37.0125,murder,13:16,afternoon,2024-07-23,no
Juja Stage,-1.099,37.02,burglary,19:11,evening,2024-06-01,no
Juja Square,-1.098,37.019,fraud,12:58,afternoon,2025-04-27,no
Juja Police Station,-1.097,37.018,robbery,14:58,afternoon,2024-05-29,no
Highpoint,-1.1,37.015,reckless driving,05:15,night,2025-01-06,no
JKUAT Hospital,-1.091,37.0135,phone snatching,05:19,night,2024-11-27,no
Juja City Mall,-1.095,37.0165,robbery,22:56,night,2024-08-17,no
JKUAT Enterprises LTD.,-1.0915,37.014,domestic violence,14:16,afternoon,2024-05-15,no
Cherry Park,-1.0948,37.0106,kidnapping,10:47,morning,2025-05-24,yes
Highpoint,-1.1,37.015,burglary,23:10,night,2024-10-05,no
JKUAT Hospital,-1.091,37.0135,drug possession,06:58,morning,2025-03-24,no
Highpoint,-1.1,37.015,reckless driving,05:34,night,2024-05-12,yes
Juja Stage,-1.099,37.02,reckless driving,06:50,morning,2024-10-12,no
Juja Square,-1.098,37.019,drug possession,17:04,evening,2024-10-09,yes
JKUAT hostels area,-1.09,37.012,phone snatching,19:53,evening,2024-08-09,yes
JKUAT Hospital,-1.091,37.0135,robbery,17:33,evening,2024-10-15,no
JKUAT Enterprises LTD.,-1.0915,37.014,drug trafficking,07:00,morning,2025-03-14,no
Juja Police Station,-1.097,37.018,kidnapping,09:56,morning,2024-06-09,yes
JKUAT Main Gate,-1.0925,37.011,burglary,20:42,evening,2024-05-15,yes
Cherry Park,-1.0948,37.0106,reckless driving,05:20,night,2025-05-17,yes
JKUAT Enterprises LTD.,-1.0915,37.014,armed robbery,10:28,morning,2025-01-31,yes
Juja City Mall,-1.095,37.0165,armed robbery,08:20,morning,2025-05-24,no
Highpoint,-1.1,37.015,drug possession,12:19,afternoon,2024-10-09,yes
JKUAT hostels area,-1.09,37.012,burglary,12:19,afternoon,2024-10-11,yes
JKUAT Hospital,-1.091,37.0135,robbery,00:30,night,2024-08-25,no
Gachororo,-1.0905,37.0119,drug possession,04:36,night,2025-02-16,no
JKUAT Enterprises LTD.,-1.0915,37.014,reckless driving,12:14,afternoon,2025-02-24,yes
Gate C,-1.0922,37.0131,reckless driving,22:57,night,2024-07-21,no
Gate C,-1.0922,37.0131,battery,17:26,evening,2025-06-24,yes
Highpoint,-1.1,37.015,armed robbery,07:19,morning,2025-07-01,yes
JKUAT Main Gate,-1.0925,37.011,drug possession,08:24,morning,2024-12-08,yes
Gate B,-1.0932,37.0125,fraud,15:22,afternoon,2024-07-10,yes
Gate C,-1.0922,37.0131,drug possession,12:47,afternoon,2025-02-05,yes
JKUAT SAJOREC Botanical Garden,-1.093,37.0155,armed robbery,21:07,night,2025-01-02,no
Juja Square,-1.098,37.019,armed robbery,06:24,morning,2024-08-22,no
Juja Market,-1.096,37.0175,kidnapping,13:18,afternoon,2024-08-22,yes
Juja Police Station,-1.097,37.018,battery,11:57,morning,2025-06-28,no
Gate C,-1.0922,37.0131,phone snatching,02:50,night,2025-01-25,no
Gate C,-1.0922,37.0131,phone snatching,20:26,evening,2024-07-01,no
Gate B,-1.0932,37.0125,traffic violations,05:38,night,2024-08-28,no
Juja Square,-1.098,37.019,fraud,14:31,afternoon,2024-09-28,no
Cherry Park,-1.0948,37.0106,robbery,22:52,night,2025-05-30,yes
Juja City Mall,-1.095,37.0165,kidnapping,11:51,morning,2024-11-04,no
Juja Market,-1.096,37.0175,traffic violations,21:48,night,2024-07-18,yes
JKUAT SAJOREC Botanical Garden,-1.093,37.0155,sexual harrasment,02:34,night,2024-09-11,no
JKUAT Main Gate,-1.0925,37.011,reckless driving,20:59,evening,2025-01-22,yes
Juja Stage,-1.099,37.02,fraud,15:07,afternoon,2024-05-05,yes
Cherry Park,-1.0948,37.0106,phone snatching,04:13,night,2025-02-28,yes
JKUAT hostels area,-1.09,37.012,battery,10:39,morning,2024-06-09,yes
JKUAT Hospital,-1.091,37.0135,drug possession,23:22,night,2025-07-10,no
Juja Police Station,-1.097,37.018,drug trafficking,09:08,morning,2025-02-07,no
Highpoint,-1.1,37.015,sexual harrasment,17:33,evening,2024-12-20,yes
Juja Stage,-1.099,37.02,fraud,14:41,afternoon,2024-08-20,yes
Highpoint,-1.1,37.015,domestic violence,10:53,morning,2024-09-27,yes
JKUAT SAJOREC Botanical Garden,-1.093,37.0155,murder,07:49,morning,2025-05-19,yes
JKUAT Hospital,-1.091,37.0135,drug possession,07:24,morning,2024-06-02,no
Juja Stage,-1.099,37.02,domestic violence,22:56,night,2024-09-27,yes
JKUAT Enterprises LTD.,-1.0915,37.014,drug trafficking,04:51,night,2024-10-29,yes
Juja Stage,-1.099,37.02,kidnapping,10:40,morning,2025-01-09,yes
JKUAT Enterprises LTD.,-1.0915,37.014,burglary,02:08,night,2025-06-30,yes
Cherry Park,-1.0948,37.0106,murder,00:06,night,2025-06-18,yes
Juja Square,-1.098,37.019,reckless driving,02:08,night,2025-03-10,yes
Gate C,-1.0922,37.0131,domestic violence,14:15,afternoon,2024-10-24,yes
Juja Square,-1.098,37.019,traffic violations,18:04,evening,2025-06-14,yes
Juja Square,-1.098,37.019,reckless driving,16:25,afternoon,2025-03-21,yes
Juja Square,-1.098,37.019,reckless driving,08:46,morning,2024-12-02,no
Juja Stage,-1.099,37.02,battery,11:49,morning,2024-11-02,yes
Gate B,-1.0932,37.0125,battery,12:33,afternoon,2024-10-16,no
JKUAT Hospital,-1.091,37.0135,murder,17:30,evening,2025-01-31,no
Gate C,-1.0922,37.0131,traffic violations,22:11,night,2025-04-29,no
JKUAT Hospital,-1.091,37.0135,domestic violence,22:02,night,2024-07-19,yes
Juja City Mall,-1.095,37.0165,domestic violence,17:05,evening,2025-06-14,no
Juja City Mall,-1.095,37.0165,sexual harrasment,18:11,evening,2025-04-02,yes
Gate C,-1.0922,37.0131,drug trafficking,05:56,night,2024-10-06,no
Gachororo,-1.0905,37.0119,murder,09:03,morning,2024-05-24,yes
Juja Square,-1.098,37.019,drug possession,16:22,afternoon,2024-06-14,no
JKUAT Hospital,-1.091,37.0135,drug possession,03:41,night,2024-07-25,no
Juja Square,-1.098,37.019,assault,20:38,evening,2025-07-02,no
JKUAT Main Gate,-1.0925,37.011,murder,04:40,night,2024-11-06,no
Juja Square,-1.098,37.019,phone snatching,23:25,night,2024-05-11,no
Juja Square,-1.098,37.019,drug possession,08:19,morning,2025-07-06,yes
Juja Square,-1.098,37.019,burglary,11:10,morning,2024-11-15,yes
Juja Market,-1.096,37.0175,traffic violations,09:00,morning,2025-01-24,no
Juja Market,-1.096,37.0175,armed robbery,01:56,night,2025-04-08,no
JKUAT hostels area,-1.09,37.012,assault,07:46,morning,2024-09-12,yes
JKUAT Main Gate,-1.0925,37.011,drug trafficking,11:23,morning,2025-01-16,no
Gate B,-1.0932,37.0125,drug possession,11:22,morning,2025-03-10,no
Juja Market,-1.096,37.0175,fraud,22:05,night,2024-12-29,yes
Juja Square,-1.098,37.019,murder,13:14,afternoon,2025-04-01,no
Cherry Park,-1.0948,37.0106,sexual harrasment,08:24,morning,2025-06-25,no
Juja Police Station,-1.097,37.018,robbery,08:24,morning,2025-06-27,no
JKUAT Hospital,-1.091,37.0135,drug possession,20:50,evening,2024-11-15,yes
Juja Market,-1.096,37.0175,armed robbery,04:15,night,2025-06-04,yes
JKUAT Enterprises LTD.,-1.0915,37.014,phone snatching,12:25,afternoon,2024-07-08,yes
Juja Stage,-1.099,37.02,assault,04:44,night,2024-06-22,no
JKUAT Main Gate,-1.0925,37.011,sexual harrasment,22:25,night,2024-06-07,yes
JKUAT SAJOREC Botanical Garden,-1.093,37.0155,murder,22:01,night,2025-04-20,no
Highpoint,-1.1,37.015,drug trafficking,10:03,morning,2025-01-11,no
Juja Police Station,-1.097,37.018,drug possession,15:15,afternoon,2024-05-28,no
JKUAT SAJOREC Botanical Garden,-1.093,37.0155,sexual harrasment,16:52,afternoon,2025-02-08,yes
Gate C,-1.0922,37.0131,murder,16:22,afternoon,2024-05-27,no
JKUAT Enterprises LTD.,-1.0915,37.014,reckless driving,14:27,afternoon,2024-05-24,no
Gate B,-1.0932,37.0125,fraud,22:56,night,2024-10-02,no
Juja Stage,-1.099,37.02,traffic violations,16:45,afternoon,2024-09-26,yes
Juja Market,-1.096,37.0175,drug possession,23:35,night,2024-08-14,yes
Juja Square,-1.098,37.019,assault,19:31,evening,2024-06-12,yes
Juja City Mall,-1.095,37.0165,sexual harrasment,10:55,morning,2025-01-23,yes
Gate C,-1.0922,37.0131,sexual harrasment,09:56,morning,2025-01-29,yes
Gate C,-1.0922,37.0131,robbery,01:37,night,2025-01-23,yes
Juja Square,-1.098,37.019,fraud,19:35,evening,2024-07-27,no
Gate B,-1.0932,37.0125,reckless driving,16:59,afternoon,2025-06-18,no
Gachororo,-1.0905,37.0119,kidnapping,05:03,night,2024-11-13,yes
Juja Stage,-1.099,37.02,assault,07:20,morning,2025-03-01,yes
Cherry Park,-1.0948,37.0106,fraud,23:24,night,2025-06-14,no
Gate C,-1.0922,37.0131,murder,04:47,night,2024-09-24,yes
Juja City Mall,-1.095,37.0165,murder,03:05,night,2025-06-15,yes
Cherry Park,-1.0948,37.0106,robbery,01:42,night,2025-06-24,no
Gate C,-1.0922,37.0131,assault,09:20,morning,2024-07-15,yes
JKUAT Hospital,-1.091,37.0135,drug possession,09:51,morning,2024-09-19,yes
Juja Market,-1.096,37.0175,armed robbery,15:50,afternoon,2024-09-22,no
JKUAT Hospital,-1.091,37.0135,traffic violations,18:56,evening,2025-03-08,no
Juja Police Station,-1.097,37.018,drug possession,05:59,night,2025-03-08,no
JKUAT Enterprises LTD.,-1.0915,37.014,drug possession,06:27,morning,2025-04-27,yes
JKUAT SAJOREC Botanical Garden,-1.093,37.0155,fraud,12:01,afternoon,2024-05-20,yes
Highpoint,-1.1,37.015,battery,17:40,evening,2025-05-31,yes
Juja Police Station,-1.097,37.018,kidnapping,07:21,morning,2024-11-24,no
JKUAT SAJOREC Botanical Garden,-1.093,37.0155,kidnapping,00:46,night,2024-09-03,yes
JKUAT hostels area,-1.09,37.012,fraud,21:29,night,2024-05-15,no
JKUAT Hospital,-1.091,37.0135,domestic violence,10:42,morning,2025-04-28,no
Juja Market,-1.096,37.0175,reckless driving,16:51,afternoon,2024-06-15,no
Gate B,-1.0932,37.0125,assault,05:56,night,2024-08-10,no
Gate B,-1.0932,37.0125,kidnapping,11:26,morning,2025-03-15,no
Gachororo,-1.0905,37.0119,sexual harrasment,09:04,morning,2025-03-22,yes
JKUAT hostels area,-1.09,37.012,assault,16:50,afternoon,2025-05-23,no
Juja Police Station,-1.097,37.018,armed robbery,11:23,morning,2024-05-01,yes
Gachororo,-1.0905,37.0119,drug possession,00:03,night,2024-06-29,no
Highpoint,-1.1,37.015,sexual harrasment,14:11,afternoon,2025-06-18,no
Juja City Mall,-1.095,37.0165,murder,17:55,evening,2025-01-30,no
JKUAT SAJOREC Botanical Garden,-1.093,37.0155,battery,00:00,night,2024-06-01,no
Juja Stage,-1.099,37.02,phone snatching,21:44,night,2024-07-07,yes
Cherry Park,-1.0948,37.0106,drug trafficking,21:06,night,2025-01-09,no
JKUAT Main Gate,-1.0925,37.011,traffic violations,03:17,night,2025-04-15,no
Juja Stage,-1.099,37.02,phone snatching,21:52,night,2024-09-20,yes
JKUAT hostels area,-1.09,37.012,drug trafficking,04:21,night,2024-11-15,no
Juja City Mall,-1.095,37.0165,kidnapping,10:39,morning,2024-08-07,yes
JKUAT SAJOREC Botanical Garden,-1.093,37.0155,assault,12:44,afternoon,2025-05-16,no
JKUAT Main Gate,-1.0925,37.011,drug trafficking,15:53,afternoon,2025-01-29,yes
JKUAT Enterprises LTD.,-1.0915,37.014,reckless driving,15:05,afternoon,2024-06-02,yes
JKUAT SAJOREC Botanical Garden,-1.093,37.0155,battery,20:49,evening,2024-08-09,yes
Gate C,-1.0922,37.0131,kidnapping,12:42,afternoon,2024-08-24,no
Juja Police Station,-1.097,37.018,burglary,15:44,afternoon,2025-01-14,yes
Juja Stage,-1.099,37.02,drug possession,22:10,night,2024-11-25,no
Cherry Park,-1.0948,37.0106,burglary,19:41,evening,2024-11-17,yes
JKUAT Enterprises LTD.,-1.0915,37.014,armed robbery,02:41,night,2025-04-07,yes
JKUAT SAJOREC Botanical Garden,-1.093,37.0155,reckless driving,02:30,night,2025-03-10,yes
Gachororo,-1.0905,37.0119,traffic violations,17:49,evening,2024-10-27,no
Juja Square,-1.098,37.019,fraud,18:38,evening,2024-11-17,no
Highpoint,-1.1,37.015,phone snatching,02:46,night,2024-11-22,no
JKUAT hostels area,-1.09,37.012,assault,09:37,morning,2025-04-23,no
JKUAT Main Gate,-1.0925,37.011,fraud,07:39,morning,2025-03-06,no
Juja Stage,-1.099,37.02,traffic violations,21:47,night,2025-06-01,yes
Juja Police Station,-1.097,37.018,kidnapping,21:45,night,2024-09-28,no
JKUAT Main Gate,-1.0925,37.011,assault,21:22,night,2025-03-30,no
Juja Police Station,-1.097,37.018,burglary,05:31,night,2024-06-06,yes
Highpoint,-1.1,37.015,murder,09:31,morning,2024-09-07,yes
Juja City Mall,-1.095,37.0165,sexual harrasment,13:23,afternoon,2024-11-18,yes
Juja Police Station,-1.097,37.018,traffic violations,15:48,afternoon,2025-03-25,no
JKUAT Enterprises LTD.,-1.0915,37.014,assault,02:34,night,2024-10-31,no
JKUAT Hospital,-1.091,37.0135,kidnapping,04:03,night,2024-11-12,no
Gate C,-1.0922,37.0131,battery,17:00,evening,2025-05-17,no
JKUAT SAJOREC Botanical Garden,-1.093,37.0155,armed robbery,14:52,afternoon,2024-06-11,no
Juja City Mall,-1.095,37.0165,kidnapping,14:43,afternoon,2024-10-01,no
JKUAT Enterprises LTD.,-1.0915,37.014,drug possession,19:57,evening,2024-06-20,yes
Cherry Park,-1.0948,37.0106,drug possession,19:27,evening,2025-07-02,no
Juja City Mall,-1.095,37.0165,domestic violence,05:51,night,2024-05-04,yes
Cherry Park,-1.0948,37.0106,sexual harrasment,14:05,afternoon,2025-05-16,no
Juja Police Station,-1.097,37.018,traffic violations,09:56,morning,2024-06-29,no
Juja Police Station,-1.097,37.018,fraud,17:09,evening,2025-04-06,yes
Gate C,-1.0922,37.0131,traffic violations,00:42,night,2024-08-06,yes
Juja Market,-1.096,37.0175,fraud,15:51,afternoon,2024-08-04,no
Gate C,-1.0922,37.0131,sexual harrasment,22:36,night,2024-05-09,yes
Juja Square,-1.098,37.019,drug trafficking,14:31,afternoon,2024-07-13,no
Gachororo,-1.0905,37.0119,phone snatching,05:48,night,2024-08-15,yes
Juja Square,-1.098,37.019,drug trafficking,21:11,night,2024-08-20,no
Highpoint,-1.1,37.015,traffic violations,14:54,afternoon,2025-04-29,no
Gate C,-1.0922,37.0131,drug possession,06:49,morning,2024-12-19,yes
Juja City Mall,-1.095,37.0165,phone snatching,08:34,morning,2024-06-18,no
JKUAT hostels area,-1.09,37.012,domestic violence,08:57,morning,2025-06-21,no
Gachororo,-1.0905,37.0119,drug possession,03:49,night,2024-12-14,yes
Juja City Mall,-1.095,37.0165,drug possession,02:05,night,2024-05-02,yes
JKUAT Main Gate,-1.0925,37.011,robbery,09:58,morning,2024-12-15,yes
Juja Stage,-1.099,37.02,reckless driving,20:23,evening,2024-06-21,yes
JKUAT SAJOREC Botanical Garden,-1.093,37.0155,fraud,10:24,morning,2024-10-20,no
Juja City Mall,-1.095,37.0165,murder,10:54,morning,2024-10-02,no
Juja City Mall,-1.095,37.0165,drug trafficking,14:32,afternoon,2025-01-10,no
JKUAT Enterprises LTD.,-1.0915,37.014,phone snatching,15:35,afternoon,2024-09-21,no
Gachororo,-1.0905,37.0119,kidnapping,12:56,afternoon,2024-07-31,yes
JKUAT Hospital,-1.091,37.0135,sexual harrasment,12:46,afternoon,2025-05-01,no
Juja Market,-1.096,37.0175,robbery,01:04,night,2025-05-27,yes
Gate B,-1.0932,37.0125,kidnapping,14:38,afternoon,2024-08-24,yes
Gate C,-1.0922,37.0131,murder,04:52,night,2024-07-23,no
Juja Police Station,-1.097,37.018,sexual harrasment,04:31,night,2025-02-19,no
Highpoint,-1.1,37.015,murder,14:52,afternoon,2025-02-10,yes
Juja City Mall,-1.095,37.0165,traffic violations,23:17,night,2024-12-17,no
Cherry Park,-1.0948,37.0106,armed robbery,16:05,afternoon,2024-07-03,no
Gate C,-1.0922,37.0131,robbery,18:47,evening,2024-07-14,no
Juja Stage,-1.099,37.02,robbery,02:10,night,2024-06-20,no
Juja Square,-1.098,37.019,murder,09:41,morning,2024-09-04,yes
Gachororo,-1.0905,37.0119,murder,11:02,morning,2025-07-14,yes
JKUAT Main Gate,-1.0925,37.011,sexual harrasment,08:22,morning,2025-02-11,no
JKUAT Hospital,-1.091,37.0135,assault,19:28,evening,2025-01-16,no
JKUAT SAJOREC Botanical Garden,-1.093,37.0155,kidnapping,12:07,afternoon,2025-06-25,yes
JKUAT Main Gate,-1.0925,37.011,traffic violations,11:57,morning,2025-04-01,yes
JKUAT hostels area,-1.09,37.012,sexual harrasment,08:18,morning,2024-11-29,no
Juja Police Station,-1.097,37.018,drug possession,07:37,morning,2025-05-10,yes
Gate C,-1.0922,37.0131,battery,06:59,morning,2025-03-25,no
Juja Market,-1.096,37.0175,drug possession,10:48,morning,2024-10-11,no
Gate C,-1.0922,37.0131,burglary,10:14,morning,2024-05-05,no
Juja City Mall,-1.095,37.0165,drug trafficking,05:43,night,2025-02-18,yes
JKUAT Hospital,-1.091,37.0135,murder,03:04,night,2024-10-11,no
Gate B,-1.0932,37.0125,robbery,06:02,morning,2024-06-03,yes
JKUAT Main Gate,-1.0925,37.011,phone snatching,15:47,afternoon,2025-03-06,no
Juja City Mall,-1.095,37.0165,traffic violations,11:20,morning,2025-04-12,yes
Juja City Mall,-1.095,37.0165,drug possession,04:06,night,2024-08-16,yes
Cherry Park,-1.0948,37.0106,burglary,07:36,morning,2024-12-29,no
Juja Stage,-1.099,37.02,armed robbery,09:39,morning,2025-01-25,yes
Gachororo,-1.0905,37.0119,sexual harrasment,05:32,night,2024-05-13,no
Gachororo,-1.0905,37.0119,drug trafficking,13:20,afternoon,2024-11-19,yes
JKUAT Enterprises LTD.,-1.0915,37.014,drug trafficking,09:55,morning,2024-07-02,no
Juja City Mall,-1.095,37.0165,sexual harrasment,20:27,evening,2024-12-22,no
Juja Police Station,-1.097,37.018,assault,02:32,night,2025-01-01,no
Gachororo,-1.0905,37.0119,kidnapping,19:44,evening,2025-02-02,no
Gate B,-1.0932,37.0125,murder,07:27,morning,2024-11-11,yes
Juja Police Station,-1.097,37.018,sexual harrasment,12:18,afternoon,2024-09-01,no
JKUAT Hospital,-1.091,37.0135,murder,01:46,night,2024-10-22,yes
Gate B,-1.0932,37.0125,phone snatching,00:05,night,2024-09-02,no
Gate B,-1.0932,37.0125,domestic violence,07:02,morning,2024-08-11,yes
JKUAT SAJOREC Botanical Garden,-1.093,37.0155,drug trafficking,02:06,night,2024-06-09,no
Juja Police Station,-1.097,37.018,drug possession,13:15,afternoon,2025-03-11,no
Juja City Mall,-1.095,37.0165,reckless driving,06:17,morning,2024-10-13,no
Juja Market,-1.096,37.0175,armed robbery,20:53,evening,2024-09-02,yes
Highpoint,-1.1,37.015,kidnapping,00:17,night,2025-03-05,yes
JKUAT Enterprises LTD.,-1.0915,37.014,reckless driving,20:24,evening,2024-05-01,yes
Gate C,-1.0922,37.0131,phone snatching,17:19,evening,2024-10-27,yes
Gate C,-1.0922,37.0131,phone snatching,18:32,evening,2024-08-19,yes
Juja City Mall,-1.095,37.0165,drug possession,21:33,night,2025-01-07,yes
JKUAT hostels area,-1.09,37.012,traffic violations,20:04,evening,2024-05-25,yes
Juja Police Station,-1.097,37.018,murder,03:17,night,2024-08-26,no
JKUAT Enterprises LTD.,-1.0915,37.014,battery,20:24,evening,2025-05-15,yes
Gate B,-1.0932,37.0125,domestic violence,16:51,afternoon,2025-07-14,yes
Highpoint,-1.1,37.015,drug possession,06:20,morning,2024-12-24,no
Cherry Park,-1.0948,37.0106,murder,21:04,night,2024-08-10,yes
JKUAT Main Gate,-1.0925,37.011,kidnapping,21:30,night,2024-10-04,yes
JKUAT Main Gate,-1.0925,37.011,battery,06:14,morning,2024-05-08,yes
Highpoint,-1.1,37.015,assault,05:03,night,2025-02-26,no
Juja Market,-1.096,37.0175,reckless driving,04:49,night,2024-07-13,yes
Highpoint,-1.1,37.015,armed robbery,08:16,morning,2025-02-14,no
Juja City Mall,-1.095,37.0165,sexual harrasment,22:34,night,2025-06-02,no
Juja Market,-1.096,37.0175,traffic violations,03:51,night,2025-05-13,no
JKUAT hostels area,-1.09,37.012,reckless driving,15:16,afternoon,2025-01-11,no
Gate B,-1.0932,37.0125,drug possession,08:08,morning,2025-05-15,yes
JKUAT Main Gate,-1.0925,37.011,phone snatching,20:51,evening,2025-06-04,yes
JKUAT Hospital,-1.091,37.0135,murder,04:03,night,2025-02-01,no
Juja Market,-1.096,37.0175,sexual harrasment,17:57,evening,2025-01-14,no
Highpoint,-1.1,37.015,phone snatching,02:49,night,2025-01-18,yes
Juja Stage,-1.099,37.02,phone snatching,19:16,evening,2025-07-11,no
Gate B,-1.0932,37.0125,battery,11:57,morning,2024-08-02,yes
Juja Market,-1.096,37.0175,fraud,06:56,morning,2024-08-30,no
Juja Stage,-1.099,37.02,reckless driving,17:29,evening,2024-10-30,yes
Juja City Mall,-1.095,37.0165,kidnapping,05:25,night,2025-01-02,yes
JKUAT Enterprises LTD.,-1.0915,37.014,drug possession,05:40,night,2025-01-04,yes
Juja Police Station,-1.097,37.018,fraud,16:29,afternoon,2024-05-02,yes
Gachororo,-1.0905,37.0119,murder,06:02,morning,2024-11-16,no
JKUAT hostels area,-1.09,37.012,armed robbery,07:49,morning,2024-09-15,no
Highpoint,-1.1,37.015,murder,16:06,afternoon,2025-04-14,no
JKUAT hostels area,-1.09,37.012,sexual harrasment,11:37,morning,2025-05-15,yes
Juja Market,-1.096,37.0175,burglary,11:21,morning,2025-06-24,no
Cherry Park,-1.0948,37.0106,assault,20:45,evening,2024-09-08,no
Juja Police Station,-1.097,37.018,reckless driving,05:04,night,2025-07-06,no
JKUAT Enterprises LTD.,-1.0915,37.014,domestic violence,21:23,night,2024-09-13,yes
JKUAT Enterprises LTD.,-1.0915,37.014,drug possession,16:11,afternoon,2025-04-21,yes
Gate C,-1.0922,37.0131,fraud,22:15,night,2025-01-26,no
JKUAT Hospital,-1.091,37.0135,drug trafficking,16:48,afternoon,2024-12-17,yes
Juja Stage,-1.099,37.02,battery,07:10,morning,2024-06-15,yes
JKUAT SAJOREC Botanical Garden,-1.093,37.0155,fraud,06:05,morning,2024-11-01,no
Cherry Park,-1.0948,37.0106,sexual harrasment,19:20,evening,2024-10-13,no
Highpoint,-1.1,37.015,phone snatching,12:09,afternoon,2025-04-20,no
Juja City Mall,-1.095,37.0165,drug possession,19:50,evening,2025-06-29,yes
Cherry Park,-1.0948,37.0106,murder,02:35,night,2024-11-13,yes
JKUAT hostels area,-1.09,37.012,drug possession,00:36,night,2025-01-31,yes
JKUAT Enterprises LTD.,-1.0915,37.014,kidnapping,00:57,night,2025-05-24,no
Gate C,-1.0922,37.0131,reckless driving,04:18,night,2025-01-07,no
JKUAT SAJOREC Botanical Garden,-1.093,37.0155,kidnapping,11:20,morning,2025-06-15,no
JKUAT Main Gate,-1.0925,37.011,armed robbery,11:22,morning,2024-10-24,yes
Gate B,-1.0932,37.0125,fraud,22:52,night,2024-07-29,no
Gate C,-1.0922,37.0131,drug possession,01:15,night,2024-10-13,no
Juja Square,-1.098,37.019,assault,09:08,morning,2024-08-27,yes
Cherry Park,-1.0948,37.0106,battery,10:06,morning,2024-12-18,yes
Juja Market,-1.096,37.0175,murder,23:06,night,2025-03-04,yes
Juja City Mall,-1.095,37.0165,battery,11:27,morning,2024-09-26,no
Juja Market,-1.096,37.0175,drug trafficking,20:17,evening,2024-05-10,no
Gate B,-1.0932,37.0125,burglary,08:50,morning,2025-07-07,yes
Gachororo,-1.0905,37.0119,murder,08:59,morning,2025-05-17,yes
Gachororo,-1.0905,37.0119,battery,06:14,morning,2024-09-14,yes
Gate B,-1.0932,37.0125,domestic violence,12:22,afternoon,2025-04-04,yes
JKUAT Main Gate,-1.0925,37.011,robbery,22:14,night,2024-07-05,no
Highpoint,-1.1,37.015,armed robbery,14:46,afternoon,2025-02-22,no
Gate B,-1.0932,37.0125,battery,09:17,morning,2024-12-01,no
JKUAT SAJOREC Botanical Garden,-1.093,37.0155,murder,00:32,night,2025-04-19,yes
JKUAT Main Gate,-1.0925,37.011,reckless driving,05:17,night,2025-04-13,no
Gachororo,-1.0905,37.0119,phone snatching,02:56,night,2025-01-03,yes
Gate B,-1.0932,37.0125,kidnapping,05:15,night,2025-06-30,no
Juja Police Station,-1.097,37.018,domestic violence,06:33,morning,2024-05-25,yes
JKUAT Hospital,-1.091,37.0135,sexual harrasment,01:44,night,2025-03-11,no
Cherry Park,-1.0948,37.0106,phone snatching,17:33,evening,2024-10-25,no
Juja Market,-1.096,37.0175,armed robbery,15:33,afternoon,2025-06-06,no
Juja Stage,-1.099,37.02,sexual harrasment,10:32,morning,2024-06-16,yes
JKUAT Enterprises LTD.,-1.0915,37.014,reckless driving,00:35,night,2024-05-16,yes
Gate B,-1.0932,37.0125,fraud,19:27,evening,2024-05-25,yes
JKUAT hostels area,-1.09,37.012,battery,21:17,night,2024-06-17,yes
Gate B,-1.0932,37.0125,reckless driving,16:25,afternoon,2024-07-06,yes
Juja Square,-1.098,37.019,robbery,15:08,afternoon,2024-11-18,yes
Juja City Mall,-1.095,37.0165,battery,13:00,afternoon,2024-10-28,no
Cherry Park,-1.0948,37.0106,fraud,06:36,morning,2025-07-07,yes
JKUAT Hospital,-1.091,37.0135,sexual harrasment,22:44,night,2025-06-24,yes
Juja Police Station,-1.097,37.018,traffic violations,04:54,night,2024-11-17,yes
JKUAT Hospital,-1.091,37.0135,domestic violence,04:57,night,2024-09-30,no
Highpoint,-1.1,37.015,phone snatching,07:10,morning,2025-06-13,no
Juja Market,-1.096,37.0175,kidnapping,16:30,afternoon,2024-08-22,yes
Gachororo,-1.0905,37.0119,fraud,06:09,morning,2025-03-15,no
JKUAT Main Gate,-1.0925,37.011,traffic violations,19:35,evening,2025-07-09,yes
JKUAT Hospital,-1.091,37.0135,battery,18:42,evening,2025-04-23,no
Gachororo,-1.0905,37.0119,sexual harrasment,10:38,morning,2025-04-10,yes
Highpoint,-1.1,37.015,domestic violence,18:33,evening,2025-03-06,no
Juja Square,-1.098,37.019,kidnapping,03:13,night,2025-01-22,no
JKUAT Hospital,-1.091,37.0135,phone snatching,10:11,morning,2024-09-08,no
Gachororo,-1.0905,37.0119,sexual harrasment,11:21,morning,2024-11-24,no
Juja City Mall,-1.095,37.0165,kidnapping,07:11,morning,2024-12-28,no
JKUAT Main Gate,-1.0925,37.011,armed robbery,20:07,evening,2025-04-24,yes
Juja Police Station,-1.097,37.018,drug possession,06:35,morning,2024-11-13,no
JKUAT Enterprises LTD.,-1.0915,37.014,drug trafficking,00:14,night,2024-05-27,yes
Juja City Mall,-1.095,37.0165,burglary,02:52,night,2025-03-24,no
JKUAT Main Gate,-1.0925,37.011,sexual harrasment,20:34,evening,2025-03-05,yes
JKUAT Hospital,-1.091,37.0135,battery,17:20,evening,2024-05-09,no
Gate B,-1.0932,37.0125,sexual harrasment,10:41,morning,2024-05-31,yes
JKUAT hostels area,-1.09,37.012,fraud,19:48,evening,2024-09-17,no
Cherry Park,-1.0948,37.0106,kidnapping,11:03,morning,2024-11-14,yes
Juja Market,-1.096,37.0175,sexual harrasment,10:15,morning,2024-07-27,no
Gate C,-1.0922,37.0131,kidnapping,23:27,night,2025-04-12,no
Gachororo,-1.0905,37.0119,armed robbery,17:37,evening,2025-03-04,no
Highpoint,-1.1,37.015,traffic violations,18:23,evening,2025-04-09,yes
Cherry Park,-1.0948,37.0106,drug possession,14:02,afternoon,2024-10-29,yes
JKUAT Enterprises LTD.,-1.0915,37.014,kidnapping,07:39,morning,2024-10-22,yes
JKUAT SAJOREC Botanical Garden,-1.093,37.0155,robbery,22:30,night,2024-05-13,yes
JKUAT Main Gate,-1.0925,37.011,drug trafficking,13:13,afternoon,2024-05-04,no
JKUAT hostels area,-1.09,37.012,drug trafficking,01:04,night,2024-11-20,no
Gachororo,-1.0905,37.0119,phone snatching,12:41,afternoon,2025-07-11,yes
Juja City Mall,-1.095,37.0165,fraud,01:47,night,2024-11-12,yes
Juja Stage,-1.099,37.02,reckless driving,01:00,night,2024-05-26,yes
JKUAT Enterprises LTD.,-1.0915,37.014,assault,09:25,morning,2025-06-13,no
Juja Market,-1.096,37.0175,drug trafficking,20:24,evening,2025-01-09,no
Highpoint,-1.1,37.015,battery,02:42,night,2024-05-29,yes
Gachororo,-1.0905,37.0119,traffic violations,23:40,night,2025-05-04,no
Gate C,-1.0922,37.0131,battery,22:45,night,2024-08-11,yes
Gate B,-1.0932,37.0125,drug possession,14:19,afternoon,2025-07-02,yes
Cherry Park,-1.0948,37.0106,robbery,00:57,night,2024-11-09,no
JKUAT hostels area,-1.09,37.012,traffic violations,00:14,night,2024-06-28,yes
Highpoint,-1.1,37.015,robbery,14:24,afternoon,2025-02-21,no
JKUAT Enterprises LTD.,-1.0915,37.014,drug possession,01:48,night,2024-08-21,yes
Juja Market,-1.096,37.0175,drug trafficking,21:43,night,2025-01-13,no
Gate B,-1.0932,37.0125,murder,16:35,afternoon,2025-06-10,no
Juja Market,-1.096,37.0175,domestic violence,09:51,morning,2024-05-02,no
JKUAT Main Gate,-1.0925,37.011,assault,22:03,night,2025-07-11,yes
JKUAT hostels area,-1.09,37.012,assault,05:16,night,2024-11-08,no
Juja Market,-1.096,37.0175,burglary,02:01,night,2025-05-27,yes
Highpoint,-1.1,37.015,drug trafficking,07:56,morning,2025-03-17,no
Cherry Park,-1.0948,37.0106,murder,22:43,night,2025-05-11,no
Juja Market,-1.096,37.0175,assault,02:34,night,2024-06-15,no
Gate C,-1.0922,37.0131,reckless driving,01:08,night,2025-05-20,yes
Gate B,-1.0932,37.0125,robbery,07:16,morning,2024-06-20,no
JKUAT Enterprises LTD.,-1.0915,37.014,fraud,21:41,night,2025-02-11,yes
Gachororo,-1.0905,37.0119,burglary,08:39,morning,2025-05-23,yes
JKUAT Main Gate,-1.0925,37.011,robbery,07:01,morning,2024-09-12,yes
Gate C,-1.0922,37.0131,sexual harrasment,08:54,morning,2024-09-23,no
JKUAT Hospital,-1.091,37.0135,traffic violations,05:50,night,2025-05-16,no
Juja City Mall,-1.095,37.0165,drug trafficking,13:47,afternoon,2025-05-19,yes
Gate B,-1.0932,37.0125,kidnapping,07:15,morning,2024-11-30,yes
JKUAT SAJOREC Botanical Garden,-1.093,37.0155,drug possession,02:28,night,2024-09-20,yes
Juja Police Station,-1.097,37.018,drug trafficking,10:36,morning,2025-02-08,no
JKUAT SAJOREC Botanical Garden,-1.093,37.0155,domestic violence,20:43,evening,2025-03-09,yes
JKUAT Main Gate,-1.0925,37.011,domestic violence,00:44,night,2025-02-22,no
Juja Market,-1.096,37.0175,fraud,03:17,night,2024-12-18,yes
JKUAT hostels area,-1.09,37.012,murder,21:59,night,2025-03-23,no
JKUAT Main Gate,-1.0925,37.011,kidnapping,14:08,afternoon,2024-10-14,yes
Cherry Park,-1.0948,37.0106,phone snatching,08:45,morning,2025-06-15,no
JKUAT Main Gate,-1.0925,37.011,armed robbery,19:59,evening,2024-10-26,yes
Gate C,-1.0922,37.0131,battery,07:10,morning,2024-10-27,yes
JKUAT Enterprises LTD.,-1.0915,37.014,fraud,20:04,evening,2024-12-16,no
Juja Stage,-1.099,37.02,battery,13:06,afternoon,2024-09-08,no
Cherry Park,-1.0948,37.0106,armed robbery,20:03,evening,2024-10-17,yes
JKUAT Hospital,-1.091,37.0135,phone snatching,00:29,night,2024-05-17,no
Juja Police Station,-1.097,37.018,fraud,23:13,night,2025-07-08,yes
Highpoint,-1.1,37.015,assault,18:18,evening,2024-05-06,yes
JKUAT Enterprises LTD.,-1.0915,37.014,domestic violence,21:51,night,2024-12-14,yes
Highpoint,-1.1,37.015,armed robbery,14:02,afternoon,2024-08-03,no
JKUAT Enterprises LTD.,-1.0915,37.014,assault,16:19,afternoon,2025-03-04,yes
Cherry Park,-1.0948,37.0106,reckless driving,17:53,evening,2025-05-19,no
JKUAT hostels area,-1.09,37.012,kidnapping,11:13,morning,2025-04-07,yes
Gachororo,-1.0905,37.0119,armed robbery,07:27,morning,2024-06-18,no
Cherry Park,-1.0948,37.0106,drug possession,00:48,night,2024-05-01,no
JKUAT Enterprises LTD.,-1.0915,37.014,robbery,14:27,afternoon,2024-11-29,yes
Gachororo,-1.0905,37.0119,fraud,17:46,evening,2024-05-24,yes
JKUAT Main Gate,-1.0925,37.011,assault,02:22,night,2025-01-05,yes
JKUAT Hospital,-1.091,37.0135,assault,12:51,afternoon,2025-01-11,no
Juja Square,-1.098,37.019,armed robbery,23:16,night,2024-08-19,yes
Juja Square,-1.098,37.019,sexual harrasment,14:22,afternoon,2025-04-01,yes
Gate B,-1.0932,37.0125,domestic violence,21:27,night,2024-07-10,no
Gate B,-1.0932,37.0125,kidnapping,08:46,morning,2024-08-11,yes
Highpoint,-1.1,37.015,traffic violations,02:47,night,2024-10-17,no
JKUAT SAJOREC Botanical Garden,-1.093,37.0155,domestic violence,10:31,morning,2025-05-15,no
Highpoint,-1.1,37.015,robbery,21:43,night,2024-12-19,no
Juja City Mall,-1.095,37.0165,kidnapping,07:08,morning,2025-03-21,no
JKUAT Main Gate,-1.0925,37.011,robbery,10:41,morning,2024-11-20,no
JKUAT Enterprises LTD.,-1.0915,37.014,reckless driving,00:01,night,2025-03-01,yes
JKUAT Hospital,-1.091,37.0135,battery,14:50,afternoon,2024-05-02,no
Juja Stage,-1.099,37.02,sexual harrasment,13:01,afternoon,2025-02-04,no
Juja Square,-1.098,37.019,drug trafficking,02:23,night,2024-11-04,yes
Highpoint,-1.1,37.015,fraud,21:11,night,2025-03-16,no
Gachororo,-1.0905,37.0119,traffic violations,08:03,morning,2024-11-16,yes
Juja Stage,-1.099,37.02,assault,08:59,morning,2024-09-17,no
Juja Police Station,-1.097,37.018,traffic violations,03:36,night,2024-09-26,yes
Juja Police Station,-1.097,37.018,traffic violations,12:02,afternoon,2024-11-10,yes
JKUAT hostels area,-1.09,37.012,burglary,20:00,evening,2024-05-11,yes
Juja Stage,-1.099,37.02,murder,16:59,afternoon,2024-12-14,yes
Gate C,-1.0922,37.0131,domestic violence,20:41,evening,2024-08-01,yes
Gate C,-1.0922,37.0131,battery,10:36,morning,2024-06-30,no
Juja Market,-1.096,37.0175,robbery,12:29,afternoon,2024-07-14,yes
Cherry Park,-1.0948,37.0106,battery,16:43,afternoon,2024-09-25,no
Highpoint,-1.1,37.015,drug possession,12:27,afternoon,2025-03-13,no
Juja Market,-1.096,37.0175,phone snatching,00:15,night,2025-05-16,yes
Juja Stage,-1.099,37.02,armed robbery,02:11,night,2025-02-09,yes
Juja Market,-1.096,37.0175,murder,06:14,morning,2025-03-21,yes
Gate C,-1.0922,37.0131,domestic violence,23:38,night,2025-06-18,yes
Juja Market,-1.096,37.0175,drug possession,17:56,evening,2024-07-04,yes
Gate C,-1.0922,37.0131,fraud,23:23,night,2025-06-18,yes
Juja Square,-1.098,37.019,robbery,08:49,morning,2024-11-24,no
Highpoint,-1.1,37.015,drug trafficking,16:30,afternoon,2024-12-02,no
Gate B,-1.0932,37.0125,traffic violations,04:20,night,2025-04-10,yes
Gate C,-1.0922,37.0131,sexual harrasment,22:19,night,2025-05-29,no
Gachororo,-1.0905,37.0119,traffic violations,16:13,afternoon,2024-06-21,yes
Juja Square,-1.098,37.019,domestic violence,12:31,afternoon,2024-07-25,no
JKUAT Main Gate,-1.0925,37.011,assault,07:42,morning,2024-08-18,no
Cherry Park,-1.0948,37.0106,kidnapping,05:02,night,2025-05-27,no
JKUAT SAJOREC Botanical Garden,-1.093,37.0155,domestic violence,15:18,afternoon,2025-02-11,no
Cherry Park,-1.0948,37.0106,murder,15:37,afternoon,2024-12-22,yes
Juja Police Station,-1.097,37.018,robbery,04:22,night,2025-04-02,yes
Juja Police Station,-1.097,37.018,armed robbery,05:00,night,2024-11-25,no
JKUAT hostels area,-1.09,37.012,phone snatching,03:22,night,2024-07-10,yes
Juja Police Station,-1.097,37.018,murder,04:33,night,2024-07-23,no
JKUAT SAJOREC Botanical Garden,-1.093,37.0155,sexual harrasment,15:36,afternoon,2025-02-14,no
JKUAT Hospital,-1.091,37.0135,armed robbery,07:46,morning,2024-06-04,yes
JKUAT SAJOREC Botanical Garden,-1.093,37.0155,phone snatching,21:42,night,2024-08-01,no
Juja City Mall,-1.095,37.0165,drug trafficking,01:15,night,2025-01-26,no
JKUAT Hospital,-1.091,37.0135,sexual harrasment,03:05,night,2024-10-12,no
Juja Stage,-1.099,37.02,battery,09:48,morning,2025-02-23,yes
Gate B,-1.0932,37.0125,domestic violence,09:32,morning,2024-08-13,no
Juja Police Station,-1.097,37.018,domestic violence,00:29,night,2025-02-07,no
JKUAT Hospital,-1.091,37.0135,assault,12:16,afternoon,2025-06-15,yes
Juja Police Station,-1.097,37.018,battery,01:44,night,2025-05-16,no
JKUAT SAJOREC Botanical Garden,-1.093,37.0155,burglary,12:45,afternoon,2024-11-07,yes
JKUAT Hospital,-1.091,37.0135,kidnapping,16:02,afternoon,2024-06-20,no
Juja Stage,-1.099,37.02,drug trafficking,23:18,night,2024-07-26,yes
JKUAT Hospital,-1.091,37.0135,traffic violations,15:04,afternoon,2024-07-10,no
Juja City Mall,-1.095,37.0165,armed robbery,13:04,afternoon,2024-06-15,no
JKUAT Main Gate,-1.0925,37.011,drug trafficking,09:17,morning,2025-07-07,yes
JKUAT hostels area,-1.09,37.012,drug possession,01:05,night,2025-04-24,no
Highpoint,-1.1,37.015,sexual harrasment,07:06,morning,2025-01-03,no
Gate B,-1.0932,37.0125,drug trafficking,22:55,night,2025-04-09,yes
Juja Stage,-1.099,37.02,assault,11:58,morning,2024-07-16,yes
Gachororo,-1.0905,37.0119,armed robbery,07:20,morning,2025-04-26,no
Juja City Mall,-1.095,37.0165,drug trafficking,13:45,afternoon,2025-01-22,yes
JKUAT SAJOREC Botanical Garden,-1.093,37.0155,assault,02:36,night,2024-05-08,yes
Juja Square,-1.098,37.019,burglary,04:13,night,2025-06-27,yes
Juja City Mall,-1.095,37.0165,fraud,09:59,morning,2025-03-25,yes
Juja Market,-1.096,37.0175,domestic violence,00:38,night,2024-06-03,no
Juja Market,-1.096,37.0175,murder,08:37,morning,2024-12-19,yes
Gachororo,-1.0905,37.0119,traffic violations,10:30,morning,2025-04-20,no
Gate B,-1.0932,37.0125,murder,22:03,night,2024-06-04,yes
JKUAT hostels area,-1.09,37.012,robbery,10:11,morning,2024-09-21,yes
Juja Market,-1.096,37.0175,drug trafficking,20:04,evening,2024-08-10,yes
JKUAT Hospital,-1.091,37.0135,battery,22:12,night,2025-06-17,no
Juja Square,-1.098,37.019,armed robbery,21:02,night,2024-05-08,no
JKUAT Enterprises LTD.,-1.0915,37.014,drug possession,17:19,evening,2024-11-03,yes
JKUAT hostels area,-1.09,37.012,sexual harrasment,08:30,morning,2024-08-16,no
Highpoint,-1.1,37.015,phone snatching,14:54,afternoon,2024-09-12,yes
JKUAT Enterprises LTD.,-1.0915,37.014,drug trafficking,19:29,evening,2025-02-05,no
Highpoint,-1.1,37.015,robbery,08:09,morning,2024-11-16,no
JKUAT Enterprises LTD.,-1.0915,37.014,robbery,03:49,night,2025-01-09,no
Juja Market,-1.096,37.0175,traffic violations,10:49,morning,2024-12-06,no
Juja Police Station,-1.097,37.018,traffic violations,14:48,afternoon,2024-06-24,yes
Juja City Mall,-1.095,37.0165,phone snatching,08:49,morning,2024-11-23,no
JKUAT hostels area,-1.09,37.012,drug trafficking,01:44,night,2024-05-30,yes
Gate C,-1.0922,37.0131,fraud,13:21,afternoon,2025-02-17,no
JKUAT hostels area,-1.09,37.012,robbery,06:51,morning,2025-03-27,no
Juja Square,-1.098,37.019,reckless driving,01:03,night,2024-05-23,yes
Gate B,-1.0932,37.0125,domestic violence,10:19,morning,2025-06-08,no
Gate C,-1.0922,37.0131,sexual harrasment,21:40,night,2024-05-05,no
JKUAT Enterprises LTD.,-1.0915,37.014,phone snatching,02:42,night,2025-06-30,yes
JKUAT Main Gate,-1.0925,37.011,domestic violence,19:24,evening,2024-09-05,yes
JKUAT Hospital,-1.091,37.0135,phone snatching,03:36,night,2024-08-17,yes
JKUAT Main Gate,-1.0925,37.011,fraud,23:31,night,2024-11-19,no
Gachororo,-1.0905,37.0119,battery,01:10,night,2024-08-26,yes
Juja City Mall,-1.095,37.0165,drug possession,10:44,morning,2025-05-01,no
Juja Police Station,-1.097,37.018,murder,22:07,night,2024-05-11,yes
Juja Stage,-1.099,37.02,burglary,10:25,morning,2025-05-22,no
JKUAT Hospital,-1.091,37.0135,burglary,18:51,evening,2025-05-16,yes
Juja Police Station,-1.097,37.018,phone snatching,16:54,afternoon,2025-04-19,no
Juja Square,-1.098,37.019,drug possession,08:29,morning,2024-07-16,yes
Juja Square,-1.098,37.019,drug possession,02:43,night,2025-03-21,yes
Highpoint,-1.1,37.015,burglary,23:14,night,2025-03-26,yes
Juja Stage,-1.099,37.02,traffic violations,06:21,morning,2025-01-27,yes
Highpoint,-1.1,37.015,battery,22:07,night,2024-11-13,no
Cherry Park,-1.0948,37.0106,domestic violence,00:03,night,2025-05-01,no
Juja Stage,-1.099,37.02,assault,16:00,afternoon,2025-01-26,no
Juja Police Station,-1.097,37.018,reckless driving,17:52,evening,2024-06-22,yes
Juja Market,-1.096,37.0175,fraud,15:03,afternoon,2024-05-08,no
Juja Square,-1.098,37.019,battery,15:30,afternoon,2024-11-28,no
JKUAT Enterprises LTD.,-1.0915,37.014,assault,07:49,morning,2024-06-12,yes
Juja Police Station,-1.097,37.018,kidnapping,00:15,night,2024-07-22,yes
JKUAT Hospital,-1.091,37.0135,burglary,20:15,evening,2024-09-20,no
Gachororo,-1.0905,37.0119,phone snatching,05:25,night,2024-07-14,no
Juja Stage,-1.099,37.02,battery,20:15,evening,2024-07-12,no
Juja Square,-1.098,37.019,kidnapping,20:10,evening,2025-01-29,no
JKUAT Main Gate,-1.0925,37.011,battery,02:38,night,2024-11-27,yes
Gate C,-1.0922,37.0131,drug possession,02:03,night,2024-08-31,yes
JKUAT Hospital,-1.091,37.0135,drug trafficking,05:34,night,2025-05-15,yes
Cherry Park,-1.0948,37.0106,robbery,20:50,evening,2024-11-24,no
Juja Police Station,-1.097,37.018,domestic violence,05:04,night,2024-11-17,no
Juja Square,-1.098,37.019,burglary,18:13,evening,2025-04-09,no
Cherry Park,-1.0948,37.0106,domestic violence,04:43,night,2024-07-11,yes
Juja Police Station,-1.097,37.018,sexual harrasment,04:40,night,2025-05-23,no
Juja Stage,-1.099,37.02,traffic violations,19:41,evening,2025-02-17,yes
JKUAT Hospital,-1.091,37.0135,phone snatching,09:22,morning,2024-12-24,no
Cherry Park,-1.0948,37.0106,burglary,01:22,night,2024-10-05,no
JKUAT hostels area,-1.09,37.012,battery,10:10,morning,2024-11-24,no
Juja Stage,-1.099,37.02,drug trafficking,09:47,morning,2024-10-30,no
Juja Stage,-1.099,37.02,robbery,07:50,morning,2025-07-12,no
JKUAT Main Gate,-1.0925,37.011,murder,03:40,night,2024-11-22,yes
Gate C,-1.0922,37.0131,kidnapping,09:20,morning,2024-11-18,no
Juja Square,-1.098,37.019,assault,04:54,night,2024-06-22,no
JKUAT Hospital,-1.091,37.0135,fraud,22:03,night,2024-12-13,no
JKUAT SAJOREC Botanical Garden,-1.093,37.0155,drug possession,12:41,afternoon,2024-07-21,yes
Gate B,-1.0932,37.0125,armed robbery,04:52,night,2024-10-18,no
JKUAT Hospital,-1.091,37.0135,domestic violence,15:34,afternoon,2025-06-09,no
Juja Stage,-1.099,37.02,drug trafficking,00:23,night,2025-03-18,yes
Highpoint,-1.1,37.015,battery,07:35,morning,2025-06-25,no
Juja City Mall,-1.095,37.0165,assault,10:17,morning,2024-05-07,yes
Gachororo,-1.0905,37.0119,burglary,03:34,night,2025-02-24,no
Juja Police Station,-1.097,37.018,drug trafficking,05:38,night,2024-10-29,yes
Highpoint,-1.1,37.015,traffic violations,14:56,afternoon,2024-07-04,yes
JKUAT Hospital,-1.091,37.0135,armed robbery,22:36,night,2025-02-21,yes
Juja Square,-1.098,37.019,robbery,02:58,night,2024-11-12,no
Juja Market,-1.096,37.0175,phone snatching,22:13,night,2024-06-20,no
Juja Police Station,-1.097,37.018,murder,08:50,morning,2024-11-22,no
Juja Stage,-1.099,37.02,fraud,05:01,night,2024-09-06,no
Gate B,-1.0932,37.0125,assault,23:15,night,2024-12-24,no
JKUAT Hospital,-1.091,37.0135,burglary,22:11,night,2024-12-03,yes
Cherry Park,-1.0948,37.0106,drug trafficking,03:52,night,2025-07-12,yes
JKUAT Hospital,-1.091,37.0135,drug possession,11:05,morning,2024-06-20,yes
Gate B,-1.0932,37.0125,traffic violations,10:59,morning,2025-03-03,yes
Highpoint,-1.1,37.015,armed robbery,13:48,afternoon,2024-06-20,no
Gate B,-1.0932,37.0125,armed robbery,17:09,evening,2025-01-18,yes
Gachororo,-1.0905,37.0119,kidnapping,09:29,morning,2025-03-20,no
Juja Square,-1.098,37.019,kidnapping,18:01,evening,2025-01-15,yes
JKUAT Main Gate,-1.0925,37.011,drug possession,06:58,morning,2025-01-02,no
Highpoint,-1.1,37.015,assault,08:17,morning,2024-07-23,yes
Juja Stage,-1.099,37.02,kidnapping,22:55,night,2025-03-22,yes
Gate C,-1.0922,37.0131,fraud,00:36,night,2024-11-08,no
Juja Square,-1.098,37.019,kidnapping,11:25,morning,2024-12-09,no
JKUAT Enterprises LTD.,-1.0915,37.014,fraud,16:12,afternoon,2024-08-22,yes
Highpoint,-1.1,37.015,murder,09:16,morning,2025-02-07,yes
Juja Square,-1.098,37.019,robbery,14:25,afternoon,2025-07-06,no
JKUAT SAJOREC Botanical Garden,-1.093,37.0155,drug possession,03:25,night,2024-10-23,yes
Highpoint,-1.1,37.015,sexual harrasment,10:23,morning,2025-05-30,yes
JKUAT Hospital,-1.091,37.0135,phone snatching,01:17,night,2025-03-25,yes
Juja Square,-1.098,37.019,domestic violence,20:07,evening,2025-05-29,no
JKUAT Hospital,-1.091,37.0135,drug trafficking,10:36,morning,2025-02-12,yes
Gate B,-1.0932,37.0125,murder,05:09,night,2025-02-09,no
Juja Police Station,-1.097,37.018,battery,22:09,night,2024-08-05,yes
JKUAT hostels area,-1.09,37.012,drug trafficking,07:35,morning,2024-12-16,no
Juja Square,-1.098,37.019,murder,18:29,evening,2024-10-04,yes
JKUAT Hospital,-1.091,37.0135,fraud,06:04,morning,2024-07-28,no
Gate C,-1.0922,37.0131,reckless driving,01:18,night,2024-07-24,no
Gachororo,-1.0905,37.0119,robbery,20:30,evening,2024-08-17,yes
JKUAT Hospital,-1.091,37.0135,battery,20:29,evening,2024-05-26,no
Juja Market,-1.096,37.0175,battery,00:37,night,2024-11-01,no
Gachororo,-1.0905,37.0119,murder,21:23,night,2024-05-12,no
Juja Police Station,-1.097,37.018,drug trafficking,10:38,morning,2025-03-21,no
JKUAT SAJOREC Botanical Garden,-1.093,37.0155,phone snatching,18:42,evening,2025-06-05,yes
Gachororo,-1.0905,37.0119,murder,12:24,afternoon,2025-06-07,no
Juja Square,-1.098,37.019,fraud,06:32,morning,2024-08-07,yes
Gate B,-1.0932,37.0125,battery,23:07,night,2024-12-09,yes
JKUAT Main Gate,-1.0925,37.011,drug trafficking,01:06,night,2025-03-07,yes
Gate B,-1.0932,37.0125,fraud,23:37,night,2024-12-28,yes
Juja Stage,-1.099,37.02,drug trafficking,02:04,night,2024-12-09,yes
Juja City Mall,-1.095,37.0165,assault,03:10,night,2025-03-11,no
JKUAT Main Gate,-1.0925,37.011,traffic violations,23:06,night,2024-11-07,no
Juja Market,-1.096,37.0175,armed robbery,08:31,morning,2025-05-06,yes
Juja Police Station,-1.097,37.018,traffic violations,00:27,night,2024-09-01,no
JKUAT hostels area,-1.09,37.012,sexual harrasment,10:03,morning,2025-05-19,no
JKUAT SAJOREC Botanical Garden,-1.093,37.0155,drug possession,08:42,morning,2025-04-15,no
Juja City Mall,-1.095,37.0165,domestic violence,19:54,evening,2024-07-15,yes
Juja Stage,-1.099,37.02,drug possession,15:50,afternoon,2024-10-28,no
Gate C,-1.0922,37.0131,reckless driving,10:43,morning,2024-06-02,yes
Juja Market,-1.096,37.0175,assault,01:31,night,2025-03-08,no
Gate C,-1.0922,37.0131,traffic violations,08:24,morning,2025-01-25,no
Juja Market,-1.096,37.0175,sexual harrasment,19:15,evening,2025-06-19,no
JKUAT SAJOREC Botanical Garden,-1.093,37.0155,kidnapping,09:09,morning,2025-05-24,yes
JKUAT Hospital,-1.091,37.0135,sexual harrasment,21:25,night,2024-07-18,yes
Juja Market,-1.096,37.0175,battery,06:34,morning,2024-10-03,yes
JKUAT Hospital,-1.091,37.0135,fraud,23:39,night,2024-06-21,no
JKUAT Hospital,-1.091,37.0135,robbery,08:15,morning,2024-06-29,no
Cherry Park,-1.0948,37.0106,domestic violence,00:23,night,2024-09-21,yes
Gate C,-1.0922,37.0131,reckless driving,16:39,afternoon,2024-11-04,yes
JKUAT hostels area,-1.09,37.012,fraud,15:26,afternoon,2024-10-23,no
Juja City Mall,-1.095,37.0165,reckless driving,06:25,morning,2025-06-06,no
JKUAT SAJOREC Botanical Garden,-1.093,37.0155,murder,13:56,afternoon,2025-03-04,no
Juja Police Station,-1.097,37.018,reckless driving,14:56,afternoon,2024-12-27,no
Juja Market,-1.096,37.0175,robbery,21:29,night,2025-04-11,yes
Juja Square,-1.098,37.019,sexual harrasment,07:47,morning,2024-07-31,no
Gachororo,-1.0905,37.0119,fraud,06:12,morning,2025-06-14,yes
JKUAT Hospital,-1.091,37.0135,robbery,23:28,night,2024-08-08,no
Gate C,-1.0922,37.0131,drug possession,07:05,morning,2025-05-01,no
Juja Stage,-1.099,37.02,domestic violence,23:15,night,2024-12-31,no
Gachororo,-1.0905,37.0119,traffic violations,08:00,morning,2025-03-03,yes
Juja City Mall,-1.095,37.0165,kidnapping,23:09,night,2025-02-12,no
JKUAT Enterprises LTD.,-1.0915,37.014,battery,07:09,morning,2024-12-29,yes
Juja Square,-1.098,37.019,murder,20:36,evening,2024-07-07,yes
Highpoint,-1.1,37.015,fraud,00:01,night,2024-11-21,yes
JKUAT Hospital,-1.091,37.0135,traffic violations,07:42,morning,2024-10-28,yes
Juja Market,-1.096,37.0175,drug possession,03:02,night,2024-11-23,no
Gate C,-1.0922,37.0131,sexual harrasment,23:11,night,2024-05-19,yes
JKUAT hostels area,-1.09,37.012,reckless driving,07:25,morning,2024-12-03,yes
Gate C,-1.0922,37.0131,domestic violence,00:24,night,2025-06-07,yes
Juja City Mall,-1.095,37.0165,traffic violations,10:40,morning,2025-03-15,yes
Juja Market,-1.096,37.0175,domestic violence,23:59,night,2025-05-31,no
Juja Square,-1.098,37.019,battery,03:02,night,2025-04-01,yes
Gate B,-1.0932,37.0125,assault,10:58,morning,2025-06-04,yes
JKUAT SAJOREC Botanical Garden,-1.093,37.0155,drug possession,09:54,morning,2024-05-30,yes
JKUAT SAJOREC Botanical Garden,-1.093,37.0155,assault,22:22,night,2024-11-22,yes
Juja Market,-1.096,37.0175,drug trafficking,03:43,night,2025-06-22,yes
Gate C,-1.0922,37.0131,robbery,16:08,afternoon,2025-06-13,yes
JKUAT hostels area,-1.09,37.012,fraud,01:28,night,2025-01-29,yes
JKUAT hostels area,-1.09,37.012,drug trafficking,12:38,afternoon,2024-08-14,yes
JKUAT Hospital,-1.091,37.0135,battery,14:13,afternoon,2024-10-27,no
JKUAT Enterprises LTD.,-1.0915,37.014,assault,10:13,morning,2025-05-28,no
Gate C,-1.0922,37.0131,phone snatching,13:17,afternoon,2024-12-13,yes
JKUAT Main Gate,-1.0925,37.011,domestic violence,00:43,night,2024-10-12,no
Gachororo,-1.0905,37.0119,traffic violations,15:53,afternoon,2025-05-27,no
JKUAT Enterprises LTD.,-1.0915,37.014,drug possession,13:49,afternoon,2025-03-09,no
Gate B,-1.0932,37.0125,burglary,20:14,evening,2025-03-26,yes
JKUAT Hospital,-1.091,37.0135,reckless driving,23:44,night,2025-06-20,yes
Juja Police Station,-1.097,37.018,traffic violations,17:39,evening,2024-07-12,yes
Juja Market,-1.096,37.0175,murder,10:05,morning,2025-03-13,yes
Juja City Mall,-1.095,37.0165,robbery,07:14,morning,2025-01-08,no
Juja City Mall,-1.095,37.0165,burglary,04:37,night,2024-05-31,yes
Juja City Mall,-1.095,37.0165,traffic violations,19:12,evening,2025-02-15,yes
JKUAT Hospital,-1.091,37.0135,reckless driving,06:21,morning,2024-12-09,no
JKUAT SAJOREC Botanical Garden,-1.093,37.0155,armed robbery,23:23,night,2024-09-11,yes
Juja Square,-1.098,37.019,murder,05:44,night,2024-05-11,no
JKUAT Hospital,-1.091,37.0135,phone snatching,17:53,evening,2025-03-28,no
Gate C,-1.0922,37.0131,drug trafficking,10:35,morning,2024-10-20,yes
Cherry Park,-1.0948,37.0106,drug trafficking,02:24,night,2024-11-23,no
Gachororo,-1.0905,37.0119,drug trafficking,02:56,night,2024-06-27,yes
Juja City Mall,-1.095,37.0165,assault,07:41,morning,2024-08-21,no
Juja Square,-1.098,37.019,armed robbery,10:40,morning,2025-01-05,yes
Juja Market,-1.096,37.0175,drug trafficking,11:29,morning,2024-09-28,no
Juja Stage,-1.099,37.02,armed robbery,00:52,night,2024-09-30,no
Juja Police Station,-1.097,37.018,drug trafficking,07:48,morning,2025-05-18,no
Gate C,-1.0922,37.0131,robbery,00:10,night,2025-04-04,yes
JKUAT Enterprises LTD.,-1.0915,37.014,sexual harrasment,04:14,night,2025-02-08,yes
Juja City Mall,-1.095,37.0165,sexual harrasment,18:22,evening,2024-09-28,no
JKUAT SAJOREC Botanical Garden,-1.093,37.0155,armed robbery,15:00,afternoon,2024-09-21,no
Juja Stage,-1.099,37.02,drug possession,21:06,night,2024-10-26,yes
JKUAT Enterprises LTD.,-1.0915,37.014,traffic violations,00:21,night,2024-10-27,no
Juja Market,-1.096,37.0175,murder,18:06,evening,2024-06-09,yes
JKUAT SAJOREC Botanical Garden,-1.093,37.0155,kidnapping,17:26,evening,2025-03-28,yes
Highpoint,-1.1,37.015,fraud,02:25,night,2024-08-30,no
JKUAT Hospital,-1.091,37.0135,fraud,00:46,night,2024-05-04,yes
JKUAT Main Gate,-1.0925,37.011,drug trafficking,15:46,afternoon,2024-07-06,yes
Juja Square,-1.098,37.019,fraud,13:00,afternoon,2025-06-23,no
JKUAT Hospital,-1.091,37.0135,traffic violations,04:07,night,2025-01-24,no
JKUAT Main Gate,-1.0925,37.011,fraud,02:15,night,2024-05-28,yes
JKUAT SAJOREC Botanical Garden,-1.093,37.0155,robbery,17:27,evening,2025-05-11,yes
Juja Market,-1.096,37.0175,traffic violations,07:11,morning,2025-01-09,no
Highpoint,-1.1,37.015,reckless driving,05:05,night,2024-08-28,no
Highpoint,-1.1,37.015,assault,09:51,morning,2025-05-01,no
Juja Stage,-1.099,37.02,reckless driving,19:25,evening,2024-12-20,no
JKUAT Main Gate,-1.0925,37.011,drug trafficking,13:23,afternoon,2025-01-17,no
Gate C,-1.0922,37.0131,murder,06:48,morning,2024-10-19,no
JKUAT hostels area,-1.09,37.012,drug trafficking,04:45,night,2024-06-24,no
JKUAT hostels area,-1.09,37.012,armed robbery,19:43,evening,2025-06-27,yes
Juja City Mall,-1.095,37.0165,robbery,21:11,night,2024-10-03,yes
Gate B,-1.0932,37.0125,fraud,02:39,night,2024-07-30,yes
Gachororo,-1.0905,37.0119,fraud,18:00,evening,2024-07-15,no
JKUAT hostels area,-1.09,37.012,traffic violations,02:06,night,2024-06-05,no
JKUAT SAJOREC Botanical Garden,-1.093,37.0155,drug possession,01:03,night,2024-06-12,yes
JKUAT Hospital,-1.091,37.0135,fraud,13:08,afternoon,2024-09-06,no
Highpoint,-1.1,37.015,traffic violations,01:49,night,2025-05-26,no
Gate B,-1.0932,37.0125,murder,16:53,afternoon,2025-02-02,yes
Cherry Park,-1.0948,37.0106,assault,10:55,morning,2024-09-30,yes
Juja Police Station,-1.097,37.018,kidnapping,02:03,night,2024-12-08,no
Gate C,-1.0922,37.0131,reckless driving,16:42,afternoon,2025-06-04,no
Juja Police Station,-1.097,37.018,assault,01:03,night,2024-12-09,no
Juja Square,-1.098,37.019,burglary,14:21,afternoon,2025-03-23,no
Highpoint,-1.1,37.015,armed robbery,18:00,evening,2024-08-26,yes
Juja Market,-1.096,37.0175,traffic violations,11:56,morning,2024-11-30,no
Juja Square,-1.098,37.019,fraud,23:21,night,2024-07-28,yes
Gate C,-1.0922,37.0131,fraud,19:38,evening,2025-05-11,yes
JKUAT Hospital,-1.091,37.0135,kidnapping,13:04,afternoon,2025-05-11,yes
JKUAT Main Gate,-1.0925,37.011,kidnapping,03:23,night,2024-08-20,no
JKUAT hostels area,-1.09,37.012,fraud,23:12,night,2025-04-02,yes
JKUAT SAJOREC Botanical Garden,-1.093,37.0155,drug trafficking,00:25,night,2024-09-01,no
JKUAT SAJOREC Botanical Garden,-1.093,37.0155,domestic violence,13:24,afternoon,2024-08-11,yes
JKUAT Hospital,-1.091,37.0135,phone snatching,14:29,afternoon,2024-05-30,yes
JKUAT Hospital,-1.091,37.0135,domestic violence,15:02,afternoon,2025-03-16,yes
JKUAT Hospital,-1.091,37.0135,drug possession,05:38,night,2025-02-16,no
JKUAT SAJOREC Botanical Garden,-1.093,37.0155,armed robbery,16:09,afternoon,2024-06-27,no
JKUAT Main Gate,-1.0925,37.011,phone snatching,06:28,morning,2025-06-23,yes
JKUAT hostels area,-1.09,37.012,burglary,05:47,night,2024-06-05,no
JKUAT Main Gate,-1.0925,37.011,robbery,13:52,afternoon,2025-07-13,yes
JKUAT SAJOREC Botanical Garden,-1.093,37.0155,armed robbery,17:51,evening,2025-01-01,no
JKUAT Hospital,-1.091,37.0135,burglary,23:16,night,2024-08-21,no
JKUAT Enterprises LTD.,-1.0915,37.014,robbery,08:39,morning,2024-09-01,no
JKUAT hostels area,-1.09,37.012,traffic violations,12:05,afternoon,2024-10-17,no
JKUAT hostels area,-1.09,37.012,robbery,21:15,night,2024-09-18,no
JKUAT Main Gate,-1.0925,37.011,sexual harrasment,12:27,afternoon,2025-07-04,no
JKUAT SAJOREC Botanical Garden,-1.093,37.0155,battery,05:24,night,2025-03-25,yes
JKUAT hostels area,-1.09,37.012,drug possession,20:35,evening,2024-06-26,no
JKUAT Main Gate,-1.0925,37.011,drug trafficking,19:45,evening,2024-07-12,yes
JKUAT Hospital,-1.091,37.0135,reckless driving,06:30,morning,2024-07-15,no
JKUAT Hospital,-1.091,37.0135,traffic violations,09:32,morning,2025-05-12,no
JKUAT Main Gate,-1.0925,37.011,assault,22:38,night,2025-07-14,no
JKUAT SAJOREC Botanical Garden,-1.093,37.0155,drug trafficking,08:16,morning,2024-05-07,yes
JKUAT Main Gate,-1.0925,37.011,armed robbery,14:19,afternoon,2024-06-20,no
JKUAT Main Gate,-1.0925,37.011,drug possession,11:40,morning,2025-06-02,no
JKUAT Main Gate,-1.0925,37.011,kidnapping,14:55,afternoon,2024-10-21,yes
JKUAT hostels area,-1.09,37.012,domestic violence,08:26,morning,2024-09-21,no
JKUAT Hospital,-1.091,37.0135,robbery,03:28,night,2025-05-16,yes
JKUAT hostels area,-1.09,37.012,sexual harrasment,08:29,morning,2025-07-07,no
JKUAT Enterprises LTD.,-1.0915,37.014,battery,05:52,night,2024-12-14,yes
JKUAT Hospital,-1.091,37.0135,murder,19:47,evening,2025-03-31,no
JKUAT Enterprises LTD.,-1.0915,37.014,murder,02:04,night,2024-06-23,yes
JKUAT hostels area,-1.09,37.012,reckless driving,11:12,morning,2025-01-09,no
JKUAT Hospital,-1.091,37.0135,domestic violence,20:54,evening,2024-05-29,yes
JKUAT hostels area,-1.09,37.012,burglary,06:10,morning,2024-08-11,yes
JKUAT Enterprises LTD.,-1.0915,37.014,battery,16:14,afternoon,2025-04-20,no
JKUAT Enterprises LTD.,-1.0915,37.014,fraud,12:26,afternoon,2025-06-18,no
JKUAT Main Gate,-1.0925,37.011,assault,17:53,evening,2024-10-30,no
Juja Police Station,-1.097,37.018,assault,17:36,evening,2025-06-13,yes
Juja Police Station,-1.097,37.018,fraud,15:48,afternoon,2025-01-07,yes
Juja Police Station,-1.097,37.018,drug trafficking,16:40,afternoon,2025-07-07,yes
Juja Police Station,-1.097,37.018,robbery,02:17,night,2025-04-05,no
Juja Police Station,-1.097,37.018,armed robbery,21:47,night,2024-12-06,no
Juja Police Station,-1.097,37.018,kidnapping,17:32,evening,2024-07-10,yes
Juja Police Station,-1.097,37.018,assault,20:17,evening,2024-05-08,yes
Juja Police Station,-1.097,37.018,phone snatching,03:40,night,2025-06-28,yes
Juja Police Station,-1.097,37.018,battery,14:15,afternoon,2025-01-29,no
Juja Police Station,-1.097,37.018,kidnapping,08:00,morning,2025-04-20,no
Juja Police Station,-1.097,37.018,battery,12:40,afternoon,2024-05-05,no
Juja Police Station,-1.097,37.018,armed robbery,04:21,night,2025-02-21,yes
Juja Police Station,-1.097,37.018,robbery,00:39,night,2025-02-20,no
Juja Police Station,-1.097,37.018,sexual harrasment,12:51,afternoon,2025-03-24,yes
Juja Police Station,-1.097,37.018,robbery,17:53,evening,2024-12-03,yes
Juja Police Station,-1.097,37.018,traffic violations,04:37,night,2024-09-15,no
Juja Police Station,-1.097,37.018,assault,13:43,afternoon,2024-12-30,no
Juja Police Station,-1.097,37.018,reckless driving,14:31,afternoon,2025-06-13,yes
Juja Police Station,-1.097,37.018,phone snatching,10:38,morning,2025-01-05,yes
Juja Police Station,-1.097,37.018,fraud,11:29,morning,2025-06-18,no
Juja Police Station,-1.097,37.018,armed robbery,13:56,afternoon,2024-11-09,no
Juja Police Station,-1.097,37.018,fraud,05:11,night,2024-10-24,no
Juja Police Station,-1.097,37.018,kidnapping,11:20,morning,2025-01-14,no
Juja Police Station,-1.097,37.018,burglary,09:22,morning,2025-01-22,no
Juja Police Station,-1.097,37.018,kidnapping,05:17,night,2025-04-27,yes
Juja Police Station,-1.097,37.018,assault,22:02,night,2025-05-18,no
Juja Police Station,-1.097,37.018,burglary,03:59,night,2024-12-11,no
Juja Police Station,-1.097,37.018,sexual harrasment,08:03,morning,2024-06-25,yes
Juja Police Station,-1.097,37.018,phone snatching,12:24,afternoon,2024-12-14,no
Juja Police Station,-1.097,37.018,murder,10:43,morning,2024-06-20,no
Juja Police Station,-1.097,37.018,murder,09:22,morning,2024-08-11,yes
Juja Police Station,-1.097,37.018,kidnapping,02:36,night,2025-06-28,yes
Juja Police Station,-1.097,37.018,robbery,21:58,night,2024-08-02,yes
Juja Police Station,-1.097,37.018,fraud,14:26,afternoon,2025-05-18,yes
Juja Police Station,-1.097,37.018,phone snatching,10:10,morning,2025-04-28,yes
Juja Police Station,-1.097,37.018,drug trafficking,03:34,night,2024-11-05,no
Juja Police Station,-1.097,37.018,kidnapping,04:56,night,2024-09-05,no
Juja Police Station,-1.097,37.018,traffic violations,04:03,night,2024-08-14,yes
Juja Police Station,-1.097,37.018,murder,18:00,evening,2024-11-26,no
Juja Police Station,-1.097,37.018,battery,00:04,night,2025-04-15,no
